,Empresa,knn_MAE,knn_train_RMSE,knn_test_RMSE,xgb_MAE,xgb_train_RMSE,xgb_test_RMSE,ARIMA_MAE,ARIMA_train_RMSE,ARIMA_test_RMSE,RF_MAE,RF_train_RMSE,RF_test_RMSE,Lasso_MAE,Lasso_train_RMSE,Lasso_test_RMSE
0,3tentos,0.005229177628011356,0.005851279466865445,0.005229177628011356,0.006243650750655145,0.00866323225848521,0.006243650750655145,0.0051680014448859,0.0099435931907608,0.0051680014448859,0.006376466794757788,0.008622466340809333,0.006376466794757788,0.006243650864966478,0.0086632322584852,0.006243650864966478
1,Aco Altona,0.00035360269703619824,0.00028083509275432435,0.00035360269703619824,0.00036143858703508797,0.0003698909341795841,0.00036143858703508797,0.000573514306194025,0.0005791226713155996,0.000573514306194025,0.00028642506870917803,0.0002047518154382017,0.00028642506870917803,0.0003614385872674907,0.0003698909341795841,0.0003614385872674907
2,Aeris,0.0032113638591041997,0.004726368952495675,0.0032113638591041997,0.004010082282035234,0.006806862873739275,0.004010082282035234,0.0035235728067887916,0.0065611746764551076,0.0035235728067887916,0.0039804448847154915,0.006601213397902666,0.0039804448847154915,0.004010082307993633,0.006806862873739275,0.004010082307993633
3,Afluente T,0.00038751509428984737,0.00029426441292573053,0.00038751509428984737,0.00036393306806757657,0.0003438936884346591,0.00036393306806757657,0.0005429811297771719,0.0003268116203884519,0.0005429811297771719,0.00024662964005105865,0.0001954549963394258,0.00024662964005105865,0.0003639330683630249,0.0003438936884346591,0.0003639330683630249
4,Agrogalaxy,0.0089171805757343,0.007636489766523837,0.0089171805757343,0.012790017081893312,0.011182313353759337,0.012790017081893312,0.013758685963216475,0.013125816073787712,0.013758685963216475,0.012836805368859137,0.011187120774064838,0.012836805368859137,0.0127900170471036,0.011182313353759337,0.0127900170471036
5,Alfa Holding,0.00013656072094246987,0.00011023038274450801,0.00013656072094246987,0.00012473404404154888,0.00013256578051846262,0.00012473404404154888,0.00014902311897693402,0.0001606229350539107,0.00014902311897693402,9.68929031165325e-05,7.474825336254951e-05,9.68929031165325e-05,0.00012473404402668398,0.00013256578051846262,0.00012473404402668398
6,Alliar,0.0010783785523476083,0.001371953158174243,0.0010783785523476083,0.0014879447255365882,0.0023880660651025678,0.0014879447255365882,0.0016088747282833895,0.0027698683607821034,0.0016088747282833895,0.0012132380766001895,0.0018913603925140143,0.0012132380766001895,0.0014879447165354381,0.0023880660651025678,0.0014879447165354381
7,Allied,0.0017002863704044964,0.00167818363616162,0.0017002863704044964,0.00251586438582097,0.00216953300903072,0.00251586438582097,0.0032916554542998,0.002459294375239,0.0032916554542998,0.0025053731706095,0.00213217290572347,0.0025053731706095,0.00251586438870347,0.00216953300903072,0.00251586438870347
8,Allos,0.0055835196369107476,0.0021166326879864896,0.0055835196369107476,0.008410185657513823,0.004305402374589387,0.008410185657513823,0.008627351312944113,0.004058124376150866,0.008627351312944113,0.006999631901642395,0.0024698738553127282,0.006999631901642395,0.008410185657926828,0.004305402374589387,0.008410185657926828
9,Alpargatas,0.007674850630861917,0.004799553860123815,0.007674850630861917,0.008760637880925015,0.00734347246647671,0.008760637880925015,0.009423626496784908,0.00658842721027753,0.009423626496784908,0.007647607797824564,0.004989921384409843,0.007647607797824564,0.008760637879350518,0.00734347246647671,0.008760637879350518
10,Alphaville,0.000724307920544,0.0031178934508076,0.000724307920544,0.0007243077496656,0.0031178934508076,0.0007243077496656,0.0027803236261307,0.0033863107819545,0.0027803236261307,0.0009664152260327,0.0031272792516755,0.0009664152260327,0.000724307920544,0.0031178934508076,0.000724307920544
11,Alupar,0.004492377390819336,0.004839712212367895,0.004492377390819336,0.008811857580408965,0.011064102301347165,0.008811857580408965,0.008943086305683112,0.011568829791991923,0.008943086305683112,0.006654647096786805,0.006945978129596719,0.006654647096786805,0.008811857554085274,0.011064102301347162,0.008811857554085274
12,Ambev S/A,0.03169257074570363,0.029426879360704677,0.03169257074570363,0.07873231583132041,0.0722198155845721,0.07873231583132041,0.0698021472366385,0.06790785360233823,0.0698021472366385,0.053160328032760704,0.04286871939529143,0.053160328032760704,0.08252882406735262,0.0759940462393178,0.08252882406735262
13,Ambipar,0.008248691002608766,0.0052692617827323,0.008248691002608766,0.011674943031886232,0.010794868670692459,0.011674943031886232,0.011692675088028284,0.009468218836747292,0.011692675088028284,0.011295060785264259,0.010211582481909483,0.011295060785264259,0.011674942998630875,0.010794868670692459,0.011674942998630875
14,Americanas,0.0388972983582769,0.008364736439911834,0.0388972983582769,0.05126211868551374,0.017612817387622885,0.05126211868551374,0.047861699324027326,0.013500456880403935,0.047861699324027326,0.04842271837200733,0.010479610199467493,0.04842271837200733,0.05126211871378243,0.017612817387622885,0.05126211871378243
15,Ampla Energ,0.008861962951695399,0.004914399875741646,0.008861962951695399,0.01570923100225435,0.011588519187610766,0.01570923100225435,0.01597782782726883,0.011287205376875149,0.01597782782726883,0.012252150087870417,0.007250838216058869,0.012252150087870417,0.01570923100630189,0.011588519187610766,0.01570923100630189
16,Anima,0.011298067324019279,0.0073382217012542715,0.011298067324019279,0.015276622370680957,0.011863110181579421,0.015276622370680957,0.013368049142902768,0.008391814001523164,0.013368049142902768,0.013821111221817112,0.0071124940894807896,0.013821111221817112,0.015276622359081232,0.011863110181579418,0.015276622359081232
17,Armac,0.006602156209833228,0.006612963238300971,0.006602156209833228,0.00874355866922157,0.009175960501893272,0.00874355866922157,0.009810072665837844,0.008270193668423515,0.009810072665837844,0.008917405497488486,0.009186354732734629,0.008917405497488486,0.008743558673263471,0.009175960501893272,0.008743558673263471
18,Assai,0.016328757548036043,0.021096421732435474,0.016328757548036043,0.028043724432099692,0.036821042134392086,0.028043724432099692,0.02540968653605151,0.041647081992511666,0.02540968653605151,0.027466737531233798,0.03558492508700935,0.027466737531233798,0.028043724440032183,0.036821042134392086,0.028043724440032183
19,Atmasa,0.005031367242446058,0.005934400816496358,0.005031367242446058,0.0049827115266361955,0.007933848025828538,0.0049827115266361955,0.005540750246267748,0.008216825956030262,0.005540750246267748,0.0047064735857197245,0.006335490680258919,0.0047064735857197245,0.004982711528854087,0.007933848025828538,0.004982711528854087
20,Aura 360,0.0066135377472102425,0.005862007788690815,0.0066135377472102425,0.007803992809712472,0.007332623682917472,0.007803992809712472,0.010820596422958429,0.008755128095948457,0.010820596422958429,0.007689155287077571,0.007353819413384785,0.007689155287077571,0.007803992781705329,0.007332623682917472,0.007803992781705329
21,Auren,0.026175861588390643,0.016341239581704158,0.026175861588390643,0.03649665951958283,0.02269793262966373,0.03649665951958283,0.03786378414714979,0.025807155652834757,0.03786378414714979,0.036469853324353485,0.022748056402239127,0.036469853324353485,0.0364966595028063,0.02269793262966373,0.0364966595028063
22,Azevedo,0.0010578910614799776,0.0005183848862646204,0.0010578910614799776,0.0011190308509263598,0.000677394972431247,0.0011190308509263598,0.0016807870827453772,0.0010321202441846368,0.0016807870827453772,0.0009155115003829638,0.0005167089112524212,0.0009155115003829638,0.0011190308512264702,0.000677394972431247,0.0011190308512264702
23,Azzas 2154,0.0036678523822324784,0.0012267831456992374,0.0036678523822324784,0.004982198396058767,0.001967070527135465,0.004982198396058767,0.005020687096499605,0.001945699304745015,0.005020687096499605,0.004137679030038092,0.00111977589523845,0.004137679030038092,0.004982198394334028,0.001967070527135465,0.004982198394334028
24,B3,0.02555458294272006,0.023761874040042277,0.02555458294272006,0.04069707623972247,0.04926884794434257,0.04069707623972247,0.04497488970146314,0.049190766197274846,0.04497488970146314,0.03095924420869261,0.030914285143429265,0.03095924420869261,0.040697076213151814,0.04926884794434256,0.040697076213151814
25,BRF SA,0.018540666025494777,0.012399235812070796,0.018540666025494777,0.03590835605829503,0.03440032329846784,0.03590835605829503,0.031961606943011214,0.029948968448652226,0.031961606943011214,0.028071050461183807,0.020555774646098524,0.028071050461183807,0.0359083560723857,0.03440032329846784,0.0359083560723857
26,Bardella,0.0005175157419022299,0.0005532851706014158,0.0005175157419022299,0.0005118821013746646,0.0008002167591276053,0.0005118821013746646,0.000602607725278432,0.0010508272571517685,0.000602607725278432,0.00047684024633583397,0.0006847273511180948,0.00047684024633583397,0.0005118821007777614,0.0008002167591276053,0.0005118821007777614
27,Baumer,9.251015507348092e-05,8.544603153211375e-05,9.251015507348092e-05,9.673447885196954e-05,0.00010337688154662971,9.673447885196954e-05,0.00013996492103515078,0.00014328748625385096,0.00013996492103515078,6.831604050211947e-05,6.274195863330283e-05,6.831604050211947e-05,9.673447889974388e-05,0.00010337688154662971,9.673447889974388e-05
28,Bemobi Tech,0.0018673151549051998,0.005727334446873591,0.0018673151549051998,0.004097623322448018,0.006658888753235445,0.004097623322448018,0.0006116369992979,0.006511175654635436,0.0006116369992979,0.0037450845008680997,0.006484984488107763,0.0037450845008680997,0.0040976232034893095,0.006658888753235437,0.0040976232034893095
29,Bic Monark,0.00012380753713118288,0.00017043138288293588,0.00012380753713118288,0.00010110979779270105,0.00019596060846214359,0.00010110979779270105,0.00011565398717209193,0.0001833041157028205,0.00011565398717209193,7.575124715272689e-05,0.00014520428234500392,7.575124715272689e-05,0.00010110979773417731,0.00019596060846214359,0.00010110979773417731
30,Bioma Educ,0.0007372141291363666,0.0004509367889927742,0.0007372141291363666,0.0007281568129311648,0.0005714163865219129,0.0007281568129311648,0.0010696842721506631,0.0007029638452141033,0.0010696842721506631,0.000628503641891682,0.0003827954878062968,0.000628503641891682,0.0007281568107659061,0.0005714163865219129,0.0007281568107659061
31,Biomm,0.0008124343116405591,0.000501602076953641,0.0008124343116405591,0.0007283209250623986,0.0006229179990720641,0.0007283209250623986,0.0009738087256235235,0.0008062394741453077,0.0009738087256235235,0.0005373439073591619,0.00036931228983074616,0.0005373439073591619,0.0007283209219150088,0.0006229179990720641,0.0007283209219150088
32,Blau,0.00287586694360706,0.00427156591057771,0.00287586694360706,0.004093589128845819,0.006283363798259089,0.004093589128845819,0.00257697993292257,0.005623762094635549,0.00257697993292257,0.00394912247271894,0.00616734195102556,0.00394912247271894,0.00409358907110004,0.006283363798259089,0.00409358907110004
33,Boa Safra,0.005467089130407025,0.004102871978129838,0.005467089130407025,0.0054054218430747755,0.004443454544017,0.0054054218430747755,0.00657569084884815,0.0049649431578219,0.00657569084884815,0.00545112094991505,0.004448100072179337,0.00545112094991505,0.0054054218208296,0.004443454544017,0.0054054218208296
34,Bradespar,0.014783003993794308,0.010784759297715031,0.014783003993794308,0.01942380884736977,0.02123042369846346,0.01942380884736977,0.016772055666343665,0.020172672704826405,0.016772055666343665,0.013890381012429103,0.011982827447168541,0.013890381012429103,0.019423808839318074,0.02123042369846346,0.019423808839318074
35,Brasilagro,0.0022926049367027537,0.0012080037868392524,0.0022926049367027537,0.002496164427996589,0.0015421361754976526,0.002496164427996589,0.002484135732944907,0.0016442702864116702,0.002484135732944907,0.001797340449540182,0.00089938554722452,0.001797340449540182,0.0024961644272566163,0.0015421361754976526,0.0024961644272566163
36,Braskem,0.039323864701185075,0.03909454112995404,0.039323864701185075,0.05666617190510916,0.06544300920149725,0.05666617190510916,0.07270618298820009,0.06333217151681819,0.07270618298820009,0.05380297269373384,0.04148357299128209,0.05380297269373384,0.05666617187085334,0.06544300920149725,0.05666617187085334
37,Brava,0.03707962522565921,0.019399025896195774,0.03707962522565921,0.04720886354969609,0.029537047749159967,0.04720886354969609,0.059484145552791724,0.028798469447816638,0.059484145552791724,0.04679447186858216,0.027769408002750476,0.04679447186858216,0.047208863428099886,0.029537047749159957,0.047208863428099886
38,CCR SA,0.01703824098578994,0.011989703868711345,0.01703824098578994,0.03216913429697842,0.028377874153967253,0.03216913429697842,0.02580588918134053,0.025697557185466686,0.02580588918134053,0.024762817781255442,0.01771358875213635,0.024762817781255442,0.032169134280777466,0.028377874153967253,0.032169134280777466
39,CPFL Energia,0.016771944344887005,0.013684352071461339,0.016771944344887005,0.03576650499104697,0.032612876029601084,0.03576650499104697,0.03569568519102149,0.03384529494431189,0.03569568519102149,0.0284105505576903,0.018922939429407513,0.0284105505576903,0.0357665050122975,0.032612876029601084,0.0357665050122975
40,Caixa Seguri,0.022212244048651127,0.011807256949639936,0.022212244048651127,0.02511615657547812,0.016316574392545056,0.02511615657547812,0.0166913003884943,0.010406212983792263,0.0166913003884943,0.025195390166084575,0.015284072118528709,0.025195390166084575,0.02511615658780075,0.016316574392545056,0.02511615658780075
41,Cambuci,0.00031039234066596434,0.00040035037032365624,0.00031039234066596434,0.000315750110699114,0.0004682088163855656,0.000315750110699114,0.000382438344906758,0.0005020837378517218,0.000382438344906758,0.00025928545586539073,0.00033920124917310936,0.00025928545586539073,0.00031575011108101565,0.0004682088163855656,0.00031575011108101565
42,Camil,0.005325365543257206,0.005098260862593862,0.005325365543257206,0.013019895704988025,0.0121428890173342,0.013019895704988025,0.00609622271131005,0.009098776731796787,0.00609622271131005,0.010636342378314916,0.010219357874199612,0.010636342378314916,0.013019895715218626,0.0121428890173342,0.013019895715218626
43,Carrefour BR,0.023379484682163703,0.014929422478744632,0.023379484682163703,0.039685539640573204,0.03102718918061056,0.039685539640573204,0.03479484157757898,0.026343746866819305,0.03479484157757898,0.03077796833096537,0.020107786147149045,0.03077796833096537,0.039685539613551854,0.03102718918061057,0.039685539613551854
44,Casan,0.0003883932471325,0.000966291916766,0.0003883932471325,0.00041987183516970005,0.0010469274136496,0.00041987183516970005,0.0012147251293241,0.0012703776799197,0.0012147251293241,0.0004625962695542,0.00104795813469425,0.0004625962695542,0.00041987183401255,0.0010469274136496,0.00041987183401255
45,Casas Bahia,0.013408251814678283,0.010679385629173196,0.013408251814678283,0.021052482755722166,0.021883418174678555,0.021052482755722166,0.020894873697107772,0.018965742445919642,0.020894873697107772,0.015843532546874855,0.013592473657519038,0.015843532546874855,0.021052482766659282,0.02188341817467855,0.021052482766659282
46,Cba,0.00777669804493991,0.00572111428821224,0.00777669804493991,0.01090946353515082,0.0087341082700596,0.01090946353515082,0.010624380712160961,0.00857521607285517,0.010624380712160961,0.01081201657512786,0.00858622085069204,0.01081201657512786,0.010909463577545771,0.0087341082700596,0.010909463577545771
47,Cea Modas,0.004032096997303876,0.008092524144660676,0.004032096997303876,0.005967059404305424,0.012200815279338917,0.005967059404305424,0.005184789385728235,0.014234379024170287,0.005184789385728235,0.005169185385053141,0.011016631944751918,0.005169185385053141,0.005967059414474618,0.012200815279338917,0.005967059414474618
48,Ceb,0.0042977360022241,0.0031416178603634,0.0042977360022241,0.005077963927809033,0.003505241702952567,0.005077963927809033,0.0091844630221239,0.0032843451166881337,0.0091844630221239,0.0051574638062719,0.0035082971313399667,0.0051574638062719,0.005077963924943633,0.003505241702952567,0.005077963924943633
49,Cedro,0.0004444947371898449,0.0003861300272860833,0.0004444947371898449,0.00042942186100364255,0.00043194546769442224,0.00042942186100364255,0.000764641853704827,0.0007353714013639,0.000764641853704827,0.0003427009865081435,0.00029126811256575,0.0003427009865081435,0.00042942186157707654,0.00043194546769442224,0.00042942186157707654
50,Ceg,0.0030012312620695,0.0015715418303423874,0.0030012312620695,0.004295503592185787,0.002415225205470525,0.004295503592185787,0.0032147649248953063,0.0021553279651246875,0.0032147649248953063,0.003817963437768081,0.0019331728584245688,0.003817963437768081,0.004295503593512694,0.002415225205470525,0.004295503593512694
51,Celesc,0.006687365541605541,0.014090760746395908,0.006687365541605541,0.01089271196106524,0.023446873772114192,0.01089271196106524,0.01128310522666516,0.02444936747706519,0.01128310522666516,0.008880595182023788,0.01787878788201442,0.008880595182023788,0.010892711966787306,0.023446873772114196,0.010892711966787306
52,Cemig,0.023252647492164213,0.02383999746950743,0.023252647492164213,0.039368323548857394,0.06181791897000609,0.039368323548857394,0.03330182906321278,0.0681971089641454,0.03330182906321278,0.03002987177041353,0.043186141967271864,0.03002987177041353,0.03936832350071399,0.06181791897000609,0.03936832350071399
53,Clearsale,0.00125588068242036,0.0044198757642825446,0.00125588068242036,0.003930642421764511,0.005892681083868422,0.003930642421764511,0.0003619189878884499,0.005394977670177478,0.0003619189878884499,0.003816678005074523,0.005853633234618678,0.003816678005074523,0.003930642403257633,0.005892681083868422,0.003930642403257633
54,Coelba,0.005829510516377528,0.004268800264585917,0.005829510516377528,0.01241254184355531,0.01066461934595453,0.01241254184355531,0.012011843126597989,0.009794768875322575,0.012011843126597989,0.0095515760833842,0.00635870171627808,0.0095515760833842,0.012412541844025725,0.01066461934595453,0.012412541844025725
55,Coelce,0.003455299847339055,0.002250492476590165,0.003455299847339055,0.007240783064643923,0.0056605327025089375,0.007240783064643923,0.006077991554379233,0.004669086276954523,0.006077991554379233,0.00483048460725452,0.0033035043090043174,0.00483048460725452,0.007240783067004518,0.0056605327025089375,0.007240783067004518
56,Cogna ON,0.019514460625885473,0.018085828077913445,0.019514460625885473,0.027019717838128808,0.03224059903525748,0.027019717838128808,0.023540967491334837,0.024659242863658875,0.023540967491334837,0.02624311772283988,0.017882211718416807,0.02624311772283988,0.027019717849441093,0.03224059903525747,0.027019717849441093
57,Comgas,0.009520417571982541,0.0062481186834583,0.009520417571982541,0.018079714446300774,0.014223325942034544,0.018079714446300774,0.01520062778095077,0.011792066292690731,0.01520062778095077,0.013131518542300595,0.008346625259458921,0.013131518542300595,0.018079714452308975,0.014223325942034539,0.018079714452308975
58,Const A Lind,0.00041539922526052724,0.0003596598359961258,0.00041539922526052724,0.0003715179827255098,0.0003875535625664458,0.0003715179827255098,0.0006069673704749197,0.0005996532541128325,0.0006069673704749197,0.0003735139702578848,0.000379948638687134,0.0003735139702578848,0.0003715179814648008,0.0003875535625664458,0.0003715179814648008
59,Copasa,0.0030442473789799155,0.0022336896180196746,0.0030442473789799155,0.005275114099964996,0.004542833932027862,0.005275114099964996,0.005770740451802403,0.004495733326575343,0.005770740451802403,0.003963947282984859,0.002884960770728246,0.003963947282984859,0.005275114094492767,0.004542833932027862,0.005275114094492767
60,Copel,0.010599723559605992,0.007024772647513762,0.010599723559605992,0.023223776050248973,0.01942514206018151,0.023223776050248973,0.020528964128465742,0.01989914138371354,0.020528964128465742,0.01672012303026825,0.011710199718635378,0.01672012303026825,0.023223776055901982,0.01942514206018151,0.023223776055901982
61,Cosan,0.0243360726519204,0.016317368432800905,0.0243360726519204,0.040945792966056146,0.03441778255426961,0.040945792966056146,0.03584132795431983,0.02849148548619925,0.03584132795431983,0.02916074297963176,0.019834451370243804,0.02916074297963176,0.04094579300110419,0.03441778255426961,0.04094579300110419
62,Coteminas,0.002099350472320012,0.002053345815260806,0.002099350472320012,0.00351847038315205,0.0037252956515968,0.00351847038315205,0.0027774491027565624,0.0038484292526635125,0.0027774491027565624,0.0026449002885799767,0.0027176738704624967,0.0026449002885799767,0.003518470382615431,0.0037252956515968,0.003518470382615431
63,Cristal,0.0005706034339295149,0.000438478795819975,0.0005706034339295149,0.0005550500688692418,0.0004938399723577399,0.0005550500688692418,0.0007659561451905746,0.00058138624248665,0.0007659561451905746,0.0004422190297650912,0.00035119892154281503,0.0004422190297650912,0.0005550500691537751,0.0004938399723577399,0.0005550500691537751
64,Cruzeiro Edu,0.0031166167154928546,0.005621021725855691,0.0031166167154928546,0.005015131455585745,0.007545412115181454,0.005015131455585745,0.0042365573337389,0.007023809704399109,0.0042365573337389,0.005083186449374082,0.007349875894098427,0.005083186449374082,0.005015131482412591,0.007545412115181454,0.005015131482412591
65,Csn Mineracao,0.0377563794051696,0.017440684322437176,0.0377563794051696,0.05401523993435725,0.03607449836537958,0.05401523993435725,0.03326619469107481,0.024765241787630243,0.03326619469107481,0.05238137592980819,0.03320961590459371,0.05238137592980819,0.054015239965112476,0.03607449836537956,0.054015239965112476
66,Csu Digital,0.0001673049476694838,0.00013397288069581177,0.0001673049476694838,0.0001509956744522355,0.00014815926397913093,0.0001509956744522355,0.00028810413063034987,0.00025810648046813264,0.00028810413063034987,0.0001247471492029326,9.26835426925357e-05,0.0001247471492029326,0.00015099567457018987,0.00014815926397913093,0.00015099567457018987
67,Cury S/A,0.0025196387089180218,0.0014484047228709857,0.0025196387089180218,0.00429308472144585,0.003733975558549757,0.00429308472144585,0.0038246380946284236,0.003410349896173579,0.0038246380946284236,0.004288032571054736,0.0033344091754073,0.004288032571054736,0.004293084721439665,0.003733975558549757,0.004293084721439665
68,Cvc Brasil,0.0047966146924462785,0.0039284559975794,0.0047966146924462785,0.0071297314524789174,0.006389317611386901,0.0071297314524789174,0.007258571458052359,0.005734843663335864,0.007258571458052359,0.005642876168071175,0.003880723579209989,0.005642876168071175,0.00712973145163617,0.006389317611386901,0.00712973145163617
69,Cyrela Realt,0.004166680444048073,0.004783839865923282,0.004166680444048073,0.008223009762440734,0.011383263754645226,0.008223009762440734,0.009411454368448119,0.012367599321205328,0.009411454368448119,0.0067926358053372465,0.00799879061687557,0.0067926358053372465,0.008223009774659578,0.011383263754645226,0.008223009774659578
70,D1000vfarma,0.0006654913560000887,0.0017435781731577073,0.0006654913560000887,0.00153343971826605,0.002689544621723407,0.00153343971826605,0.00026434063130317354,0.0026486234015676356,0.00026434063130317354,0.001278013969456243,0.002501657081493736,0.001278013969456243,0.0015334396957729357,0.002689544621723407,0.0015334396957729357
71,Dasa,0.009516447382666283,0.0053341269067321865,0.009516447382666283,0.013163311055760425,0.009398825191378885,0.013163311055760425,0.011899623653503054,0.007846991225110352,0.011899623653503054,0.010896213721361568,0.005405211961055677,0.010896213721361568,0.013163311053611508,0.009398825191378885,0.013163311053611508
72,Desktopsigma,0.004158695993504367,0.004394414872774767,0.004158695993504367,0.0049215353064760775,0.006085367524935344,0.0049215353064760775,0.005926660350086856,0.008542818784854533,0.005926660350086856,0.0048608165002127,0.006058213234379144,0.0048608165002127,0.004921535315505,0.006085367524935344,0.004921535315505
73,Dexco,0.003751886844443836,0.0032541266124730198,0.003751886844443836,0.00832659169683488,0.008522335588726735,0.00832659169683488,0.008043291229710115,0.007630695810416295,0.008043291229710115,0.005939447557741997,0.0049708150873046504,0.005939447557741997,0.008326591713556285,0.008522335588726735,0.008326591713556285
74,Dexxos Par,0.001268030683842979,0.0012035833577913825,0.001268030683842979,0.0010877506500142624,0.0015844928412833972,0.0010877506500142624,0.0012678375904870676,0.0017112092488422146,0.0012678375904870676,0.0008826795199884018,0.001085874470710494,0.0008826795199884018,0.0010877506502586717,0.0015844928412833972,0.0010877506502586717
75,Dimed,0.0011824753680449677,0.0008526771898463154,0.0011824753680449677,0.001398610947172347,0.0012769717765016436,0.001398610947172347,0.0014026931534630387,0.0012816544254623437,0.0014026931534630387,0.0009916535567071343,0.0008057583095739718,0.0009916535567071343,0.0013986109476319512,0.0012769717765016436,0.0013986109476319512
76,Direcional,0.003724602597586762,0.00303259323009527,0.003724602597586762,0.005270907422441257,0.0054709738370717674,0.005270907422441257,0.005771547672588205,0.00552746427981392,0.005771547672588205,0.004183499877964214,0.0033148486938331624,0.004183499877964214,0.0052709074199271955,0.0054709738370717674,0.0052709074199271955
77,Dohler,0.00022578636740094304,0.00014604474983187475,0.00022578636740094304,0.0002092916187073262,0.00017440089538298123,0.0002092916187073262,0.00025749188339698387,0.00018419016489805515,0.00025749188339698387,0.0001627184611751299,9.224553812358737e-05,0.0001627184611751299,0.00020929161861231872,0.00017440089538298123,0.00020929161861231872
78,Dtcom Direct,2.4471557579486753e-05,1.8997497705436744e-05,2.4471557579486753e-05,2.3873229746458914e-05,2.1265165226094603e-05,2.3873229746458914e-05,3.350959009386627e-05,2.5778571119558827e-05,3.350959009386627e-05,1.977252962540777e-05,1.5410350402548163e-05,1.977252962540777e-05,2.3873229755093636e-05,2.1265165226094603e-05,2.3873229755093636e-05
79,Ecorodovias,0.00702584263078488,0.006471420351531687,0.00702584263078488,0.014591167551993722,0.013316498252214374,0.014591167551993722,0.013081544876545852,0.01444106993232118,0.013081544876545852,0.010865398205067324,0.009089545622045241,0.010865398205067324,0.014591167570936241,0.01331649825221437,0.014591167570936241
80,Elektro,0.0043176570476064335,0.004411498797335515,0.0043176570476064335,0.008004364128691226,0.008693727268133762,0.008004364128691226,0.008211525842572774,0.008924742586831076,0.008211525842572774,0.0058980422032515,0.005839962955353643,0.0058980422032515,0.008004364129316759,0.008693727268133758,0.008004364129316759
81,Eletrobras,0.0742698061661634,0.05789922729583377,0.0742698061661634,0.12219271144192713,0.11444692865293728,0.12219271144192713,0.12905877708764907,0.12952551306379853,0.12905877708764907,0.10845128373480925,0.0841381797081056,0.10845128373480925,0.13452000557655727,0.12342641530054192,0.13452000557655727
82,Eletromidia,0.0027416723509750187,0.003010675785107518,0.0027416723509750187,0.003910257219364128,0.005039180404245045,0.003910257219364128,0.004677115622464436,0.005446600508554154,0.004677115622464436,0.004014420885253064,0.004904182971184146,0.004014420885253064,0.003910257166516582,0.005039180404245045,0.003910257166516582
83,Eletropar,0.00022691017589507602,0.00020440318146359106,0.00022691017589507602,0.00018736638691483782,0.00021425214293068937,0.00018736638691483782,0.0003130022420639914,0.0003365851483504346,0.0003130022420639914,0.0001589652472278579,0.0001687968882215016,0.0001589652472278579,0.00018736638705815837,0.00021425214293068937,0.00018736638705815837
84,Emae,0.0012298236133540428,0.0010967434913441898,0.0012298236133540428,0.001374497429026631,0.0014493875643053103,0.001374497429026631,0.0017293226047582072,0.0014045895503356255,0.0017293226047582072,0.0010955972995751054,0.0009651985089060025,0.0010955972995751054,0.001374497428899513,0.0014493875643053103,0.001374497428899513
85,Embpar S/A,0.00035875369180229255,0.0009226475577501645,0.00035875369180229255,0.0003125415521189743,0.0009779309829195354,0.0003125415521189743,0.0005341112959095724,0.0012186381474909131,0.0005341112959095724,0.0002738105635364922,0.0007773236509394323,0.0002738105635364922,0.0003125415492356238,0.0009779309829195354,0.0003125415492356238
86,Embraer,0.02189859944894352,0.014544006311946947,0.02189859944894352,0.043833056348394406,0.039557432798114814,0.043833056348394406,0.04085445362521476,0.03723551439018059,0.04085445362521476,0.03204606687923789,0.0223138455348159,0.03204606687923789,0.04383305636932057,0.03955743279811481,0.04383305636932057
87,Energisa,0.012995325821276911,0.012739985467730834,0.012995325821276911,0.02322702135924783,0.034052946151528096,0.02322702135924783,0.023540994469569733,0.03794316810102941,0.023540994469569733,0.017223563146852465,0.02455600966437486,0.017223563146852465,0.02322702133327823,0.034052946151528096,0.02322702133327823
88,Energisa Mt,0.0038536714909708915,0.0052159133859282,0.0038536714909708915,0.005231022178241692,0.010174376564750884,0.005231022178241692,0.005251593224918859,0.012397483019187527,0.005251593224918859,0.003882780121032816,0.007876901585406978,0.003882780121032816,0.0052310222144180425,0.010174376564750884,0.0052310222144180425
89,Eneva,0.009372507258256871,0.008999126034422142,0.009372507258256871,0.01320123862453038,0.015472433005609361,0.01320123862453038,0.014807619582379824,0.014589886401978199,0.014807619582379824,0.009992012138803808,0.010760187149925517,0.009992012138803808,0.013201238624240434,0.015472433005609364,0.013201238624240434
90,Engie Brasil,0.010395801759877744,0.007293016509340107,0.010395801759877744,0.020001764646002472,0.017586810165069522,0.020001764646002472,0.019682786665972948,0.018214876420995056,0.019682786665972948,0.014385021675868854,0.010255528992469903,0.014385021675868854,0.020001764638497947,0.017586810165069522,0.020001764638497947
91,Enjoei,0.0005842769898356494,0.002275330349709025,0.0005842769898356494,0.0018603311385709416,0.0030882479838466835,0.0018603311385709416,0.00019973335388570024,0.0027574245053757084,0.00019973335388570024,0.0016605118466733917,0.0029583156549566336,0.0016605118466733917,0.0018603311290164585,0.0030882479838466835,0.0018603311290164585
92,Eqtl Maranhao,0.003710334115552028,0.003510914875151603,0.003710334115552028,0.007181661675438081,0.007780619997098927,0.007181661675438081,0.007183104119955387,0.00814191579459595,0.007183104119955387,0.004755676417658929,0.004686890049453322,0.004755676417658929,0.0071816616778435935,0.007780619997098927,0.0071816616778435935
93,Eqtl Para,0.0052762254110932895,0.004326430025915167,0.0052762254110932895,0.008874993514576926,0.008154562141622647,0.008874993514576926,0.008721969268115838,0.007490160061713323,0.008721969268115838,0.0067711481810754995,0.004996804735850424,0.0067711481810754995,0.008874993513412055,0.008154562141622647,0.008874993513412055
94,Equatorial,0.02266178284438823,0.009250366776679151,0.02266178284438823,0.034918782837281996,0.018008852742776332,0.034918782837281996,0.030973009142707578,0.015059549163361668,0.030973009142707578,0.029372735094861574,0.01039947595422812,0.029372735094861574,0.03491878284408836,0.018008852742776332,0.03491878284408836
95,Espacolaser,0.0037874333267092094,0.006336691541645736,0.0037874333267092094,0.006103706527268346,0.0096513634245083,0.006103706527268346,0.0050603381298600265,0.010463013000150146,0.0050603381298600265,0.0059939352238499,0.009385534805742356,0.0059939352238499,0.006103706773360463,0.009651363424508282,0.006103706773360463
96,Estapar,0.002682999631408325,0.005608265269622175,0.002682999631408325,0.0028272117301262247,0.00668550151096205,0.0028272117301262247,0.0034492778188025246,0.008938351943215725,0.0034492778188025246,0.0030367045052385002,0.006695973352900951,0.0030367045052385002,0.00282721175557365,0.00668550151096205,0.00282721175557365
97,Eternit,0.00079810307349091,0.0006330045864183743,0.00079810307349091,0.0008215573817693798,0.0007356101835001542,0.0008215573817693798,0.0012615614059418784,0.0009801628567115402,0.0012615614059418784,0.000689049958211305,0.00043604648495805716,0.000689049958211305,0.0008215573792805351,0.0007356101835001542,0.0008215573792805351
98,Eucatex,0.0009466731790165339,0.0004506823668126825,0.0009466731790165339,0.0011441197213893169,0.0006955028351426824,0.0011441197213893169,0.0013640391076227504,0.0008227138489841325,0.0013640391076227504,0.0009618757373030873,0.0003944644887455425,0.0009618757373030873,0.0011441197213824775,0.0006955028351426824,0.0011441197213824775
99,Even,0.0030872142864739535,0.0027411940265261924,0.0030872142864739535,0.005279365158573275,0.005427984790244797,0.005279365158573275,0.004813203356501272,0.00589433929254971,0.004813203356501272,0.0038978365635346465,0.0035135189396627176,0.0038978365635346465,0.0052793651711194566,0.005427984790244797,0.0052793651711194566
100,Excelsior,6.202826705832247e-05,4.179988209529348e-05,6.202826705832247e-05,5.3755374550314534e-05,4.691842979879664e-05,5.3755374550314534e-05,7.89615985051043e-05,6.559935987737526e-05,7.89615985051043e-05,4.8696579093015866e-05,3.11171813138664e-05,4.8696579093015866e-05,5.375537452224343e-05,4.691842979879663e-05,5.375537452224343e-05
101,Eztec,0.003840307412905606,0.00433946615372702,0.003840307412905606,0.0042959905758954,0.005574515798800394,0.0042959905758954,0.00452449840145879,0.005729298373727128,0.00452449840145879,0.003511602759740995,0.0037083796452540654,0.003511602759740995,0.004295990576917134,0.005574515798800394,0.004295990576917134
102,Fer Heringer,0.004907072351674215,0.005147913188083517,0.004907072351674215,0.0049013905056184606,0.006100427441098359,0.0049013905056184606,0.00801180350088694,0.005990858910641266,0.00801180350088694,0.005323093680315187,0.004536873844897475,0.005323093680315187,0.004901390505451431,0.006100427441098359,0.004901390505451431
103,Ferbasa,0.001652193036438104,0.0011625970013221425,0.001652193036438104,0.0015146241189264846,0.00138464648257266,0.0015146241189264846,0.001849478705397795,0.0015569190147133125,0.001849478705397795,0.0011768771174717903,0.0008424967723617624,0.0011768771174717903,0.0015146241200339773,0.00138464648257266,0.0015146241200339773
104,Fica,0.0003587622759677297,0.0004696740570667743,0.0003587622759677297,0.00029905777392537965,0.0005079057078397153,0.00029905777392537965,0.00041990815247957473,0.000819723276820618,0.00041990815247957473,0.00025674782510343625,0.00035887176666208974,0.00025674782510343625,0.0002990577740153516,0.0005079057078397153,0.0002990577740153516
105,Fictoralimen,5.09444883919861e-05,3.1826937893703724e-05,5.09444883919861e-05,4.497772938921729e-05,3.617953044448044e-05,4.497772938921729e-05,7.674002435533588e-05,4.93483499241526e-05,7.674002435533588e-05,4.423131393272391e-05,3.6221583799455004e-05,4.423131393272391e-05,4.4977729269933836e-05,3.617953044448043e-05,4.4977729269933836e-05
106,Fleury,0.0035385991189001926,0.0020429555514597498,0.0035385991189001926,0.006568257757675122,0.00457394066244827,0.006568257757675122,0.006208046886352537,0.0043285812348928575,0.006208046886352537,0.005200355896027837,0.0026078081716444574,0.005200355896027837,0.006568257753299651,0.00457394066244827,0.006568257753299651
107,Fras-Le,0.0020588602494308935,0.0016141832081287566,0.0020588602494308935,0.002324735655965638,0.0021493793306083127,0.002324735655965638,0.002925755518346748,0.0021661669751717153,0.002925755518346748,0.0018257294188890071,0.0013510871956768,0.0018257294188890071,0.002324735656586949,0.0021493793306083127,0.002324735656586949
108,Gafisa,0.003032465674220184,0.0035209546537335813,0.003032465674220184,0.00427648011638728,0.006214529294034958,0.00427648011638728,0.0045324513165940815,0.006372331178470258,0.0045324513165940815,0.0032395124257438737,0.0044890793540099975,0.0032395124257438737,0.004276480121162804,0.006214529294034958,0.004276480121162804
109,Generalshopp,0.007297221631756941,0.004793059997649353,0.007297221631756941,0.007409101059461852,0.006401931114634374,0.007409101059461852,0.008158913532363204,0.007196348753430184,0.008158913532363204,0.006740606025019619,0.0051832608846278634,0.006740606025019619,0.007409101055862425,0.006401931114634368,0.007409101055862425
110,Ger Paranap,0.0034787260675244696,0.0040774658639770945,0.0034787260675244696,0.005297763095130633,0.0076903159144359155,0.005297763095130633,0.006062813352881582,0.0088793033952081,0.006062813352881582,0.0043312870982233544,0.005561577416632697,0.0043312870982233544,0.005297763095591641,0.0076903159144359155,0.005297763095591641
111,Gerdau,0.018210809200752364,0.015024805452880648,0.018210809200752364,0.03423433674984649,0.03873415086221063,0.03423433674984649,0.028713571874338272,0.03414605417588255,0.028713571874338272,0.02753797194925673,0.025022097816844575,0.02753797194925673,0.03423433675146928,0.03873415086221063,0.03423433675146928
112,Gerdau Met,0.01739131180548293,0.014818725981934849,0.01739131180548293,0.03430246537728987,0.038367792342128296,0.03430246537728987,0.03221274844925041,0.0360236904384107,0.03221274844925041,0.02805831505727447,0.02511144765952413,0.02805831505727447,0.03430246540203674,0.038367792342128296,0.03430246540203674
113,Gps,0.01048932082796029,0.008863015269049764,0.01048932082796029,0.014466521633285483,0.013892390578241392,0.014466521633285483,0.016428195570026793,0.01640187764736699,0.016428195570026793,0.014569620201586437,0.013569876256590709,0.014569620201586437,0.014466521705429029,0.013892390578241392,0.014466521705429029
114,Grazziotin,0.0004493765644857363,0.0003718090407568573,0.0004493765644857363,0.0004377247391583131,0.0004269636483098549,0.0004377247391583131,0.0006224710750624171,0.0006495356267083743,0.0006224710750624171,0.00033468855537043755,0.00023242235132058726,0.00033468855537043755,0.00043772473896879144,0.0004269636483098549,0.00043772473896879144
115,Grendene,0.0034463822615063075,0.00274842770409608,0.0034463822615063075,0.0036321062383972897,0.003523117429004838,0.0036321062383972897,0.004145153709524009,0.003915739207686534,0.004145153709524009,0.002614375449552173,0.0022314124435532726,0.002614375449552173,0.003632106236079477,0.003523117429004838,0.003632106236079477
116,Grupo Mateus,0.00575361557248551,0.00328381170209159,0.00575361557248551,0.007100700106607749,0.00464519700860255,0.007100700106607749,0.00846942793172168,0.00544221334505613,0.00846942793172168,0.0070666112654714204,0.00456750931421702,0.0070666112654714204,0.00710070009735852,0.00464519700860255,0.00710070009735852
117,Grupo Natura,0.017144344552421704,0.014242431950228266,0.017144344552421704,0.02940014449496061,0.02842207940781341,0.02940014449496061,0.028077476005809898,0.024715955848270542,0.028077476005809898,0.023461792429911272,0.016798813029749015,0.023461792429911272,0.029400144426734248,0.028422079407813418,0.029400144426734248
118,Grupo Sbf,0.0030757122825230752,0.00296635400342155,0.0030757122825230752,0.004098931924177609,0.004286366969007642,0.004098931924177609,0.003632181534042925,0.003957730625304991,0.003632181534042925,0.004078425324585413,0.004099281176245283,0.004078425324585413,0.004098931917591133,0.004286366969007642,0.004098931917591133
119,Guararapes,0.004104666036721835,0.003231171508897859,0.004104666036721835,0.006260686632711261,0.006501908634825428,0.006260686632711261,0.006973911292326436,0.006107688055010941,0.006973911292326436,0.005543185962853297,0.004146374560108349,0.005543185962853297,0.00626068663030952,0.006501908634825428,0.00626068663030952
120,Habitasul,0.0011795649328140698,0.0007035778122544195,0.0011795649328140698,0.0013435185255166774,0.0008928889341669362,0.0013435185255166774,0.0016279175257772555,0.0010144394662679277,0.0016279175257772555,0.0010651056161790494,0.0005221393869508222,0.0010651056161790494,0.0013435185260087974,0.0008928889341669362,0.0013435185260087974
121,Hapvida,0.018444888472206194,0.013212198176114014,0.018444888472206194,0.021283156412921972,0.0188465554771196,0.021283156412921972,0.022740817625302202,0.017455575843738764,0.022740817625302202,0.01902773681887903,0.013469084912348356,0.01902773681887903,0.02128315641874643,0.0188465554771196,0.02128315641874643
122,Hbr Realty,0.002337325193082908,0.004126564134052058,0.002337325193082908,0.0026942248507832753,0.005404394657985733,0.0026942248507832753,0.0034021518194661,0.005806104743040233,0.0034021518194661,0.0026305941426943685,0.0052330920675377245,0.0026305941426943685,0.0026942249133570084,0.005404394657985725,0.0026942249133570084
123,Helbor,0.0030383572419598556,0.0026106991214633205,0.0030383572419598556,0.005907818199453499,0.006535805033202869,0.005907818199453499,0.006206965296779562,0.0062720534551990465,0.006206965296779562,0.0045824167801144415,0.0043832366629474335,0.0045824167801144415,0.005907818197076886,0.006535805033202866,0.005907818197076886
124,Hidrovias,0.005623257336776222,0.003917872907976678,0.005623257336776222,0.0060072459445284,0.0058276595724842065,0.0060072459445284,0.006211341600889193,0.00607527653799935,0.006211341600889193,0.005620551690042615,0.005317447226084915,0.005620551690042615,0.006007245954223857,0.0058276595724842065,0.006007245954223857
125,Hypera,0.010507706125080575,0.011659326935478416,0.010507706125080575,0.016026107945435887,0.022014986708228833,0.016026107945435887,0.015420834522839249,0.020849311790295495,0.015420834522839249,0.012664169277616339,0.01483421152438832,0.012664169277616339,0.016026107947742476,0.022014986708228837,0.016026107947742476
126,Iguatemi SA,0.004290719938109278,0.004724362506661365,0.004290719938109278,0.008092764108832338,0.009644515777516342,0.008092764108832338,0.007377001127838271,0.010945169116132948,0.007377001127838271,0.005859533034328511,0.006758054633992795,0.005859533034328511,0.00809276413005654,0.009644515777516339,0.00809276413005654
127,Imc S/A,0.0021717290316476913,0.0036155475675741576,0.0021717290316476913,0.0023371547698165063,0.005014755810701294,0.0023371547698165063,0.0032678396536627505,0.005212578925870714,0.0032678396536627505,0.0019252212828239908,0.003674199459347097,0.0019252212828239908,0.002337154766377178,0.005014755810701294,0.002337154766377178
128,Infracomm,0.00460699773482092,0.0036591317689168602,0.00460699773482092,0.0061815826059879,0.00522930907020008,0.0061815826059879,0.00777067130319616,0.00551525838709606,0.00777067130319616,0.006228774655298379,0.005232920788377419,0.006228774655298379,0.00618158258353496,0.00522930907020008,0.00618158258353496
129,Intelbras,0.0025307960449104886,0.0035737632908634663,0.0025307960449104886,0.00353730983857865,0.005339908511379775,0.00353730983857865,0.003789482509658033,0.005470491580817017,0.003789482509658033,0.0034648679061627086,0.005164672645780175,0.0034648679061627086,0.0035373098312309666,0.005339908511379775,0.0035373098312309666
130,Iochp-Maxion,0.0040181702889283116,0.002762538627877585,0.0040181702889283116,0.00855899954419828,0.007301597684632563,0.00855899954419828,0.0075694623493562,0.005990365806031485,0.0075694623493562,0.005254378468295123,0.0038433178996107797,0.005254378468295123,0.008558999546515787,0.007301597684632563,0.008558999546515787
131,Irani,0.0020235788807010354,0.0013659830419397077,0.0020235788807010354,0.0025968241612950543,0.0023438861875950626,0.0025968241612950543,0.002518466219230405,0.0023659817052263925,0.002518466219230405,0.0020630253936621537,0.0013899554444715726,0.0020630253936621537,0.002596824161512029,0.0023438861875950626,0.002596824161512029
132,Isa Energia,0.008978215621670354,0.010221482694787537,0.008978215621670354,0.0141416302075695,0.018364878535832484,0.0141416302075695,0.01498029628226299,0.016621208658437584,0.01498029628226299,0.01093989267269776,0.011701877410245396,0.01093989267269776,0.014141630211906947,0.01836487853583248,0.014141630211906947
133,Itausa,0.010977679096263033,0.007419715348939813,0.010977679096263033,0.01773776188491604,0.01574444931103988,0.01773776188491604,0.017566846989689626,0.014923721529600127,0.017566846989689626,0.01513245716519716,0.009437851508607943,0.01513245716519716,0.017737761899802428,0.01574444931103988,0.017737761899802428
134,JBS,0.050438976123370255,0.055828520106382125,0.050438976123370255,0.08669281500247537,0.11202437601608967,0.08669281500247537,0.10760163702800014,0.11865144197661961,0.10760163702800014,0.06705743990519739,0.06859050196108325,0.06705743990519739,0.09250155381805673,0.1167193082247335,0.09250155381805673
135,JHSF Part,0.003890567645912114,0.0036838811658362466,0.003890567645912114,0.006885027126984021,0.007365425000254938,0.006885027126984021,0.005972530897423585,0.0056310204607466175,0.005972530897423585,0.004964635723210477,0.004731517127911646,0.004964635723210477,0.006885027129439433,0.007365425000254938,0.006885027129439433
136,JSL,0.014405904332506415,0.02367255704335095,0.014405904332506415,0.025707209838692117,0.0343988195511383,0.025707209838692117,0.02505662964775164,0.030576828761112833,0.02505662964775164,0.02479296348811964,0.032477522576342586,0.02479296348811964,0.025707209954803543,0.03439881955113829,0.025707209954803543
137,Jallesmachad,0.006160721440032567,0.00466470256061555,0.006160721440032567,0.008325355502393359,0.007007887122694067,0.008325355502393359,0.009307129008391158,0.0068490267798487665,0.009307129008391158,0.008213454638792434,0.006707316418891766,0.008213454638792434,0.008325355518616583,0.007007887122694067,0.008325355518616583
138,Joao Fortes,0.0035690698958619313,0.002486424208898319,0.0035690698958619313,0.0042854510403384505,0.0036484333360537998,0.0042854510403384505,0.0038425638982227334,0.004351591622054775,0.0038425638982227334,0.003869814824130742,0.0032547687725273063,0.003869814824130742,0.004285451046255969,0.0036484333360537998,0.004285451046255969
139,Josapar,0.0009075558229537522,0.0007818965157907757,0.0009075558229537522,0.0015237949625529496,0.0015168793154526838,0.0015237949625529496,0.00177460152739822,0.0016790823016028865,0.00177460152739822,0.0011925596316669355,0.0009590973475376486,0.0011925596316669355,0.0015237949621923566,0.0015168793154526838,0.0015237949621923566
140,Kepler Weber,0.0009664974754786251,0.000613581411135105,0.0009664974754786251,0.0009106295049022963,0.0006914010088951775,0.0009106295049022963,0.001298048188701538,0.0009029915508535199,0.001298048188701538,0.0007503192462786564,0.00048250076330947755,0.0007503192462786564,0.0009106295046029925,0.0006914010088951775,0.0009106295046029925
141,Klabin S/A,0.013224058754242781,0.01148001115721419,0.013224058754242781,0.02486018044657253,0.02655283967989545,0.02486018044657253,0.02505622686312371,0.028599208896017136,0.02505622686312371,0.01862529964180664,0.017936864128381698,0.01862529964180664,0.024860180446328213,0.02655283967989545,0.024860180446328213
142,Kora Saude,0.003422865024648206,0.01137038401715385,0.003422865024648206,0.0080150131309625,0.014499664939757764,0.0080150131309625,0.004908921756730278,0.016859168823387463,0.004908921756730278,0.007636113757540213,0.0145308379914935,0.007636113757540213,0.0080150133573111,0.014499664939757764,0.0080150133573111
143,Lavvi,0.0031398882558286616,0.007104587885942246,0.0031398882558286616,0.004684632700155392,0.009059312701980092,0.004684632700155392,0.003911865853229208,0.009420509347164362,0.003911865853229208,0.0047598725408480305,0.008665913498236354,0.0047598725408480305,0.004684632631918115,0.009059312701980092,0.004684632631918115
144,Light S/A,0.026531177387992193,0.02955775755216683,0.026531177387992193,0.03814427920402925,0.052132807054463035,0.03814427920402925,0.03879939256967165,0.04285040657125024,0.03879939256967165,0.03206015975906971,0.03505941917767637,0.03206015975906971,0.03814427917891773,0.052132807054463035,0.03814427917891773
145,Localiza,0.014066680995000002,0.00705872582896878,0.014066680995000002,0.024513369459174393,0.01618591953297531,0.024513369459174393,0.022487369345091913,0.015304253372983027,0.022487369345091913,0.020947877369278656,0.010225853674992335,0.020947877369278656,0.024513369465617846,0.01618591953297531,0.024513369465617846
146,Log Com Prop,0.0025136813286128984,0.002301822514358462,0.0025136813286128984,0.00406320788946045,0.004193834864819472,0.00406320788946045,0.004567434897626205,0.00454613832769191,0.004567434897626205,0.0035121095632836058,0.0031530648274478235,0.0035121095632836058,0.0040632079010823816,0.004193834864819472,0.0040632079010823816
147,Log-In,0.004819499565054027,0.00549352993739696,0.004819499565054027,0.005108568666024643,0.00884149140339562,0.005108568666024643,0.006581572087347108,0.009397072748229656,0.006581572087347108,0.004990692968373198,0.005857502327231003,0.004990692968373198,0.00510856866307319,0.00884149140339562,0.00510856866307319
148,Lojas Marisa,0.0020225434842282,0.0016654526578253055,0.0020225434842282,0.002794678214862583,0.003061198013622053,0.002794678214862583,0.0031245453970119032,0.003382800600922286,0.0031245453970119032,0.002329939475938734,0.0019688809346969528,0.002329939475938734,0.0027946782153066584,0.003061198013622053,0.0027946782153066584
149,Lojas Renner,0.007515998637377806,0.005968236126722575,0.007515998637377806,0.009005843907136385,0.009008063349941803,0.009005843907136385,0.011320790603557082,0.009325126431258735,0.011320790603557082,0.007973163301199383,0.006331085549476642,0.007973163301199383,0.009005843909142578,0.0090080633499418,0.009005843909142578
150,Lopes Brasil,0.0005493194188579884,0.0008605148822953923,0.0005493194188579884,0.0005008078697683913,0.001140427077016482,0.0005008078697683913,0.0005210232459320876,0.0011378930305953384,0.0005210232459320876,0.00047845358429088244,0.0007405211327008384,0.00047845358429088244,0.0005008078694612278,0.001140427077016482,0.0005008078694612278
151,Lupatech,0.0023824648257573283,0.006204988850634379,0.0023824648257573283,0.0037675885253558817,0.01034086337047233,0.0037675885253558817,0.0038383216350852856,0.01092606527585353,0.0038383216350852856,0.002502215852374667,0.007557340567851843,0.002502215852374667,0.0037675885946160848,0.01034086337047233,0.0037675885946160848
152,Lwsa,0.007163789027017275,0.011958480146424944,0.007163789027017275,0.008331147680198325,0.016273858399598006,0.008331147680198325,0.012596287282116961,0.018140009543705437,0.012596287282116961,0.007666335732095668,0.015093808107975587,0.007666335732095668,0.008331147682949043,0.016273858399598006,0.008331147682949043
153,M.Diasbranco,0.0025827453934884814,0.001559496916759325,0.0025827453934884814,0.00323473855073703,0.0024228666759928226,0.00323473855073703,0.0031578750119953987,0.00231689320356042,0.0031578750119953987,0.0026385088615603182,0.0014970241620047976,0.0026385088615603182,0.0032347385494246573,0.0024228666759928226,0.0032347385494246573
154,MRV,0.004647084124764283,0.003750277436050708,0.004647084124764283,0.00904996728387374,0.00889468514016211,0.00904996728387374,0.008601821765819178,0.008450444622442398,0.008601821765819178,0.006920971387430826,0.005698360354838675,0.006920971387430826,0.009049967287996976,0.00889468514016211,0.009049967287996976
155,Magaz Luiza,0.013178505184304082,0.00933256468361135,0.013178505184304082,0.01463858163895124,0.014928163170480185,0.01463858163895124,0.01638753747609811,0.014836558392835967,0.01638753747609811,0.012917019404800199,0.009733920511277055,0.012917019404800199,0.014638581632708276,0.014928163170480185,0.014638581632708276
156,Mangels Indl,0.00034831814757921363,0.001221091288096575,0.00034831814757921363,0.00044269188861671607,0.00124489838013135,0.00044269188861671607,0.0009813321398392,0.0021790368817297748,0.0009813321398392,0.0004477543403495,0.001247180381559975,0.0004477543403495,0.0004426918965503386,0.00124489838013135,0.0004426918965503386
157,Marcopolo,0.002359685087153305,0.0019304684093296575,0.002359685087153305,0.003829992491860443,0.0045529159648025124,0.003829992491860443,0.0038141324171952658,0.004609470288547018,0.0038141324171952658,0.0030821368720229123,0.00298831856620555,0.0030821368720229123,0.0038299924902991576,0.0045529159648025124,0.0038299924902991576
158,Marfrig,0.024037839290135938,0.018254384107388527,0.024037839290135938,0.048073366007717444,0.04431566029174912,0.048073366007717444,0.045187844600401296,0.042899294628767924,0.045187844600401296,0.03600307922150486,0.026753416566654413,0.03600307922150486,0.04807336597887513,0.04431566029174912,0.04807336597887513
159,Mater Dei,0.006731910050228289,0.0047470324681531005,0.006731910050228289,0.0084014711458213,0.006141276936628333,0.0084014711458213,0.009192102233615511,0.007052396760909133,0.009192102233615511,0.008507640956893034,0.006094657938162089,0.008507640956893034,0.008401471031235168,0.006141276936628333,0.008401471031235168
160,Melhor SP,0.00047868808278460145,0.0007751087576950955,0.00047868808278460145,0.0005069554709399584,0.0008805625976519954,0.0005069554709399584,0.0007435584413478837,0.0010507306750476772,0.0007435584413478837,0.0004683407325565802,0.0007274864410501955,0.0004683407325565802,0.0005069554665721032,0.0008805625976519954,0.0005069554665721032
161,Meliuz,0.0015909957690245166,0.003411655352513208,0.0015909957690245166,0.002052394232120542,0.003900488881320483,0.002052394232120542,0.002568676063265892,0.005007724442669617,0.002568676063265892,0.0020088508507610375,0.0038130794038526913,0.0020088508507610375,0.0020523942509583417,0.003900488881320483,0.0020523942509583417
162,Melnick,0.0021151318530411153,0.002794440190769908,0.0021151318530411153,0.0030279316362303845,0.004219426666898992,0.0030279316362303845,0.003554188778168715,0.004349939900472646,0.003554188778168715,0.0030339270810808613,0.0040063811037275845,0.0030339270810808613,0.0030279315755693923,0.004219426666898992,0.0030279315755693923
163,Metal Leve,0.001585803847204209,0.0010812742496546948,0.001585803847204209,0.0019832110297932624,0.0019819366420846924,0.0019832110297932624,0.0019784224503596156,0.0018720805498422283,0.0019784224503596156,0.0013093854443371616,0.0012240522901457718,0.0013093854443371616,0.0019832110329885766,0.00198193664208469,0.0019832110329885766
164,Metalfrio,0.002738616334545138,0.0019066024371103907,0.002738616334545138,0.0031742197706618406,0.0025795059624494003,0.0031742197706618406,0.0036283240738647724,0.002797882374147273,0.0036283240738647724,0.0028963666870382406,0.0020667104930843683,0.0028963666870382406,0.003174219772669768,0.0025795059624494003,0.003174219772669768
165,Metisa,0.0002214437940175424,0.0004775306058075308,0.0002214437940175424,0.00019554169275875808,0.00048762975135005645,0.00019554169275875808,0.00022641646544311993,0.0005265433558776743,0.00022641646544311993,0.0001887732168813823,0.0003139792591249513,0.0001887732168813823,0.00019554169334872902,0.00048762975135005645,0.00019554169334872902
166,Mills,0.0019933098476937155,0.001589764647310629,0.0019933098476937155,0.002002456905258637,0.002182497857768768,0.002002456905258637,0.0023007751071570134,0.0025131090956630104,0.0023007751071570134,0.0018291803280400605,0.0014780766463602236,0.0018291803280400605,0.002002456906107974,0.002182497857768768,0.002002456906107974
167,Minerva,0.014963013166763685,0.00727606783525365,0.014963013166763685,0.02703074555603242,0.01855422936945098,0.02703074555603242,0.024073027668225992,0.016642208545003995,0.024073027668225992,0.02271603893092447,0.011387354567889568,0.02271603893092447,0.02703074553321012,0.01855422936945098,0.02703074553321012
168,Mitre Realty,0.0020911255325605687,0.0046993606585183,0.0020911255325605687,0.0034153515568657437,0.006454731139070231,0.0034153515568657437,0.0018954380263867625,0.005837409527771081,0.0018954380263867625,0.0029335257129419375,0.005832042540097562,0.0029335257129419375,0.003415351528304706,0.006454731139070231,0.003415351528304706
169,Mobly,0.0004199968474960167,0.00030493704691781666,0.0004199968474960167,0.0004355376087881859,0.0003787526136831666,0.0004355376087881859,0.0006984429421988078,0.0005752893252528667,0.0006984429421988078,0.0004418706826575271,0.00037912536627693333,0.0004418706826575271,0.0004355376074607669,0.0003787526136831666,0.0004355376074607669
170,Mont Aranha,0.0029076197817526433,0.0018271627253928697,0.0029076197817526433,0.0033936539739964004,0.0022858692928899183,0.0033936539739964004,0.0033680535841087425,0.00246929723021133,0.0033680535841087425,0.0026119708936645667,0.0014590200935444577,0.0026119708936645667,0.003393653974747494,0.0022858692928899183,0.003393653974747494
171,Moura Dubeux,0.0015843820248094534,0.00380471101600158,0.0015843820248094534,0.0035107725586717,0.0062201983656222735,0.0035107725586717,0.0012984728444342948,0.00559603061669838,0.0012984728444342948,0.0030733212826076603,0.005553611052412253,0.0030733212826076603,0.0035107725802698466,0.0062201983656222735,0.0035107725802698466
172,Movida,0.014551216751857252,0.00805841454794796,0.014551216751857252,0.021574145631971225,0.016701323034849017,0.021574145631971225,0.02269923253985937,0.017334436227190966,0.02269923253985937,0.019404509285649876,0.010715809797894873,0.019404509285649876,0.021574145624943215,0.016701323034849017,0.021574145624943215
173,Mrs Logist,0.007609933392688594,0.005117052888065294,0.007609933392688594,0.011991577907293013,0.009239784246328873,0.011991577907293013,0.012319440123809387,0.009434773277854526,0.012319440123809387,0.012409135589218747,0.008172766982206814,0.012409135589218747,0.011991577918208459,0.009239784246328873,0.011991577918208459
174,Multilaser,0.007825263806488934,0.017649633189634868,0.007825263806488934,0.010838367360361832,0.020732260128773425,0.010838367360361832,0.009627661718580366,0.02263664108746359,0.009627661718580366,0.010459880385879933,0.020622747950194056,0.010459880385879933,0.010838367147505922,0.020732260128773425,0.010838367147505922
175,Multiplan,0.0026702612959405105,0.0021518954860455576,0.0026702612959405105,0.0060624326111086545,0.0052406472858895995,0.0060624326111086545,0.0064686342773238575,0.005385705232066025,0.0064686342773238575,0.00442615319937887,0.0029917618631124703,0.00442615319937887,0.006062432612415515,0.0052406472858895995,0.006062432612415515
176,Mundial,0.004534429324984097,0.00520234873741047,0.004534429324984097,0.004711065317755831,0.00623473319036536,0.004711065317755831,0.008513853736886779,0.00625914224866826,0.008513853736886779,0.00469317784331805,0.00612683371034822,0.00469317784331805,0.00471106533281741,0.00623473319036536,0.00471106533281741
177,Neoenergia,0.025544236330869163,0.01973085370555905,0.025544236330869163,0.04279323793956582,0.03839619074034978,0.04279323793956582,0.04172755901807421,0.03898734719858408,0.04172755901807421,0.03884839376518449,0.031869782001339136,0.03884839376518449,0.042793237943253445,0.03839619074034977,0.042793237943253445
178,Neogrid,0.0007156563577540941,0.0018012066854398417,0.0007156563577540941,0.0015101989210256417,0.0023891024348996668,0.0015101989210256417,0.0004822362882264196,0.0022164035084353997,0.0004822362882264196,0.0013692329171146433,0.002280236211802333,0.0013692329171146433,0.0015101989855766248,0.0023891024348996668,0.0015101989855766248
179,Nexpe,0.0005327987387507515,0.00031565956808944667,0.0005327987387507515,0.0004792715926324017,0.00034277567902697996,0.0004792715926324017,0.0007561331038001745,0.0005450489438919234,0.0007561331038001745,0.0004023398555464994,0.00022761813848551333,0.0004023398555464994,0.0004792715928221723,0.00034277567902697996,0.0004792715928221723
180,Oceanpact,0.0024038450938189,0.0049600956090841255,0.0024038450938189,0.004615083337833325,0.00711697958938545,0.004615083337833325,0.005307954725054191,0.008223954479251824,0.005307954725054191,0.0043726756229312,0.00687926908750845,0.0043726756229312,0.004615083314252266,0.00711697958938545,0.004615083314252266
181,Odontoprev,0.0016932522970816808,0.00126865435497321,0.0016932522970816808,0.0019911216771887627,0.0018794485377396498,0.0019911216771887627,0.002240377368919915,0.001934645533410025,0.002240377368919915,0.001451827529852637,0.0012753677596614675,0.001451827529852637,0.001991121679858145,0.0018794485377396498,0.001991121679858145
182,Oi,0.09797301746627066,0.12531638171642595,0.09797301746627066,0.12091100393789253,0.1872720960778331,0.12091100393789253,0.18427953135484632,0.20977571131684852,0.18427953135484632,0.12933942905916002,0.15851308092545624,0.12933942905916002,0.13662386748936428,0.20328708944822893,0.13662386748936428
183,Oncoclinicas,0.012626294488190177,0.007662757587960711,0.012626294488190177,0.015624263218008354,0.011817969803527402,0.015624263218008354,0.01663747008009868,0.011712268850977389,0.01663747008009868,0.016113304841954626,0.011692932788702067,0.016113304841954626,0.0156242631032571,0.011817969803527388,0.0156242631032571
184,Orizon,0.0032028837820783727,0.004390613759572972,0.0032028837820783727,0.004161000734789846,0.0050859814576774635,0.004161000734789846,0.005018632720507346,0.005964471495144455,0.005018632720507346,0.004027580163327091,0.004981140257688036,0.004027580163327091,0.004161000707166345,0.0050859814576774635,0.004161000707166345
185,Ourofino S/A,0.000800415220140379,0.0006732871197730541,0.000800415220140379,0.0008406946582594655,0.0008590618836112378,0.0008406946582594655,0.0009131686337581367,0.0009436554051096567,0.0009131686337581367,0.0006509878420417288,0.0005791659791103568,0.0006509878420417288,0.0008406946617094944,0.0008590618836112378,0.0008406946617094944
186,P.Acucar-Cbd,0.02907089582423468,0.02590843047410332,0.02907089582423468,0.04542762697292182,0.05027319242746061,0.04542762697292182,0.0395856970272981,0.035580900964294546,0.0395856970272981,0.040508871049111224,0.03072681531580826,0.040508871049111224,0.045427627023091846,0.0502731924274606,0.045427627023091846
187,PDG Realt,0.011389007247049885,0.016308867824172065,0.011389007247049885,0.01568401663279115,0.022588424296963852,0.01568401663279115,0.011211369280001016,0.023703866075500235,0.011211369280001016,0.015532777715140599,0.022633608567897503,0.015532777715140599,0.015684016581435166,0.022588424296963852,0.015684016581435166
188,Padtec,0.000510074224887839,0.000350557219683,0.000510074224887839,0.00046398017215569054,0.0004415192449092469,0.00046398017215569054,0.0005056960125709553,0.00046635779708890625,0.0005056960125709553,0.00037673132616517185,0.00028422524173456876,0.00037673132616517185,0.00046398017181997157,0.0004415192449092469,0.00046398017181997157
189,Pague Menos,0.0027618861614409768,0.0038538941750407233,0.0027618861614409768,0.00454932541160501,0.005640327422378215,0.00454932541160501,0.004354724316667746,0.0061121340377529075,0.004354724316667746,0.004476451073310523,0.005383417446656653,0.004476451073310523,0.004549325372495241,0.005640327422378215,0.004549325372495241
190,Panatlantica,0.0007395043983175824,0.00042547895954260886,0.0007395043983175824,0.0007595294661427567,0.0005207049437777176,0.0007595294661427567,0.001100534502153719,0.0007493126472454617,0.001100534502153719,0.0006355241631062034,0.00034345016974661176,0.0006355241631062034,0.0007595294653390515,0.0005207049437777176,0.0007595294653390515
191,Par Al Bahia,0.0021167955042641377,0.001667690301120208,0.0021167955042641377,0.0023325959435160125,0.0023199466967649893,0.0023325959435160125,0.0023651600970993358,0.0019166426312368567,0.0023651600970993358,0.0017968082161852524,0.0012691139321724134,0.0017968082161852524,0.002332595942808884,0.0023199466967649893,0.002332595942808884
192,Paranapanema,0.00920083376277572,0.0067972307113502006,0.00920083376277572,0.010610748781075976,0.010715367473187428,0.010610748781075976,0.011844939098297782,0.009236854869127318,0.011844939098297782,0.009975606483035833,0.008151682948650258,0.009975606483035833,0.010610748774364052,0.010715367473187428,0.010610748774364052
193,Petrobras,0.2628971367861512,0.6074123773440306,0.2628971367861512,0.2217332874484868,0.26620394179510537,0.2217332874484868,0.5872948091876239,1.0580253488368563,0.5872948091876239,0.4351356037246856,0.7252120443435601,0.4351356037246856,0.05675144742584704,0.10181402571822651,0.05675144742584704
194,Petrorecsa,0.01000812175593585,0.012637257710179988,0.01000812175593585,0.0149761871383122,0.018926617114433362,0.0149761871383122,0.01729335175249052,0.02330173665346679,0.01729335175249052,0.01465703589158954,0.01870396833003135,0.01465703589158954,0.01497618710471107,0.018926617114433362,0.01497618710471107
195,Petrorio,0.014442498142327644,0.006513283809310095,0.014442498142327644,0.019740893120260405,0.010495761066670014,0.019740893120260405,0.018538637439864277,0.010310764824192888,0.018538637439864277,0.01636147384133075,0.006619886936420373,0.01636147384133075,0.019740893117456113,0.010495761066670013,0.019740893117456113
196,Pettenati,0.00047461789330603037,0.00025289478115166607,0.00047461789330603037,0.0005015692387200328,0.00030886926679054856,0.0005015692387200328,0.0006701935509591114,0.00037982504461233003,0.0006701935509591114,0.00038134912313276794,0.00018322499026033912,0.00038134912313276794,0.0005015692384879847,0.00030886926679054856,0.0005015692384879847
197,Petz,0.003802097348403638,0.004402252445600025,0.003802097348403638,0.00390984120813215,0.006050461830034434,0.00390984120813215,0.005677469707862933,0.007115193051504341,0.005677469707862933,0.003791541687290508,0.00590999304006625,0.003791541687290508,0.003909841204132025,0.006050461830034434,0.003909841204132025
198,Planoeplano,0.0020276358085369785,0.0016828936936332428,0.0020276358085369785,0.0022197629743361123,0.001927001286143443,0.0022197629743361123,0.002125875617664534,0.002243801404048086,0.002125875617664534,0.0020993097413358483,0.00178172864901355,0.0020993097413358483,0.0022197629783250656,0.001927001286143443,0.0022197629783250656
199,Plascar Part,0.001438933303587022,0.0005448548359052801,0.001438933303587022,0.0015197789666175155,0.00058388791563626,0.0015197789666175155,0.0022681363102854796,0.00079611652247762,0.0022681363102854796,0.0015240928915756836,0.00058455460806068,0.0015240928915756836,0.0015197789685001037,0.00058388791563626,0.0015197789685001037
200,Porto Seguro,0.010737578757793381,0.010124340498467667,0.010737578757793381,0.019868017255612904,0.026935337637146988,0.019868017255612904,0.021183604548784665,0.028174458321824768,0.021183604548784665,0.015248249198382672,0.01823038083416402,0.015248249198382672,0.01986801724106124,0.026935337637146988,0.01986801724106124
201,Portobello,0.001553101301199767,0.0012682706082847125,0.001553101301199767,0.002193147280771684,0.00235440022940678,0.002193147280771684,0.0022870994396305576,0.0022707558097413523,0.0022870994396305576,0.001611062560772231,0.0014028637843390725,0.001611062560772231,0.0021931472808871186,0.00235440022940678,0.0021931472808871186
202,Positivo Tec,0.001547368246344659,0.000853369871368782,0.001547368246344659,0.0018137720890552798,0.0013303098775261795,0.0018137720890552798,0.0019389738764500702,0.0013620521266215,0.0019389738764500702,0.0013791331711872107,0.0008095514919349386,0.0013791331711872107,0.0018137720886166032,0.0013303098775261795,0.0018137720886166032
203,Priner,0.0010336013180106312,0.0010219265800068874,0.0010336013180106312,0.0010914011804116874,0.0011936128891857937,0.0010914011804116874,0.0012399124818690932,0.0012782096069030625,0.0012399124818690932,0.00107070525258025,0.0010752576777517875,0.00107070525258025,0.0010914011842329688,0.0011936128891857937,0.0010914011842329688
204,Profarma,0.0013272258990501844,0.0013895092696409744,0.0013272258990501844,0.0022186649845975796,0.0025846255725467436,0.0022186649845975796,0.002448848718504337,0.002813758441174738,0.002448848718504337,0.0019274059896986,0.0016591658534239899,0.0019274059896986,0.002218664980336846,0.0025846255725467436,0.002218664980336846
205,Qualicorp,0.005382613825520741,0.004570163763537657,0.005382613825520741,0.008387092796511984,0.00948632531760769,0.008387092796511984,0.008793233423789374,0.009312221711174618,0.008793233423789374,0.00627446241095649,0.006256144634600583,0.00627446241095649,0.00838709279555966,0.009486325317607692,0.00838709279555966
206,Quero-Quero,0.00244012130991295,0.002546396895225671,0.00244012130991295,0.0035621140108074963,0.004098007433962521,0.0035621140108074963,0.004806588470310657,0.0048263714482525,0.004806588470310657,0.0033407212706681798,0.0037639605108316645,0.0033407212706681798,0.0035621140126460516,0.004098007433962521,0.0035621140126460516
207,RaiaDrogasil,0.003091337938924708,0.0019309692339536232,0.003091337938924708,0.005215304099402341,0.0035367897254836513,0.005215304099402341,0.005301511749679023,0.003390172623278008,0.005301511749679023,0.003965153269778121,0.0019027552079386976,0.003965153269778121,0.005215304097360661,0.0035367897254836513,0.005215304097360661
208,Randon Part,0.002733290865068428,0.0021153606378804305,0.002733290865068428,0.0053228563076655406,0.004928011679609844,0.0053228563076655406,0.00568637581893005,0.005018831160568153,0.00568637581893005,0.004070705170068057,0.0030949464142709282,0.004070705170068057,0.005322856304450205,0.004928011679609844,0.005322856304450205
209,Reaginvest,0.00150204834794678,0.00236898393539042,0.00150204834794678,0.00176653913504912,0.00233545284807428,0.00176653913504912,0.0005717929986717201,0.00262608990760934,0.0005717929986717201,0.001842692831072,0.0023375341024046,0.001842692831072,0.0017665390810405201,0.00233545284807428,0.0017665390810405201
210,Recrusul,5.7713587042707015e-05,2.1428927160429227e-05,5.7713587042707015e-05,5.771358653661185e-05,2.142892716042923e-05,5.771358653661185e-05,2.1525720547859885e-05,2.414488252721967e-05,2.1525720547859885e-05,5.819962501809235e-05,2.143443846151557e-05,5.819962501809235e-05,5.7713587042707015e-05,2.1428927160429227e-05,5.7713587042707015e-05
211,Rede D Or,0.04621872924220571,0.057071136890934265,0.04621872924220571,0.06428446108390767,0.09224723320290534,0.06428446108390767,0.07192765368993698,0.10745925204284085,0.07192765368993698,0.06047650436089433,0.0884174386671249,0.06047650436089433,0.0642844611652845,0.09224723320290533,0.0642844611652845
212,Rede Energia,0.007549385717988054,0.00922970515877822,0.007549385717988054,0.012934004015887653,0.0173501368721164,0.012934004015887653,0.013397906224161127,0.017887473267167057,0.013397906224161127,0.009880919755616713,0.012541090874431705,0.009880919755616713,0.012934004010998429,0.0173501368721164,0.012934004010998429
213,Renova,0.010394298609542484,0.008187303747362066,0.010394298609542484,0.011317061873225285,0.012623901584108475,0.011317061873225285,0.012658952401877104,0.012195583020324176,0.012658952401877104,0.010887628173087789,0.009034841674855042,0.010887628173087789,0.011317061877878447,0.012623901584108475,0.011317061877878447
214,Riosulense,0.000550349773458449,0.0007244354323801375,0.000550349773458449,0.0004496587835226031,0.0008480194630048499,0.0004496587835226031,0.0007505179387479485,0.0010390075923498061,0.0007505179387479485,0.0004328717882921371,0.0007872602335126938,0.0004328717882921371,0.00044965878359154736,0.0008480194630048499,0.00044965878359154736
215,Rni,0.0012140084817795598,0.0009835213732943666,0.0012140084817795598,0.00141934122110188,0.0018301899444094101,0.00141934122110188,0.0013695665210035446,0.001564945231574195,0.0013695665210035446,0.0010795741420268907,0.001173739553787913,0.0010795741420268907,0.0014193412212131055,0.0018301899444094101,0.0014193412212131055
216,Romi,0.0007237674685142811,0.0005976492406445475,0.0007237674685142811,0.0007157691236261803,0.0007633498608433725,0.0007157691236261803,0.0010555720397386766,0.0011211043045269975,0.0010555720397386766,0.0005536985369703851,0.000542119573527235,0.0005536985369703851,0.0007157691237577601,0.0007633498608433725,0.0007157691237577601
217,Rossi Resid,0.0035888288916611074,0.002654357474421564,0.0035888288916611074,0.0051663080304946,0.004136490889735843,0.0051663080304946,0.006129785058605135,0.0043838517086445,0.006129785058605135,0.005042624869689928,0.0037634094937750644,0.005042624869689928,0.005166308037986343,0.004136490889735843,0.005166308037986343
218,Rumo S.A.,0.02115427704318696,0.02384299534143476,0.02115427704318696,0.03357103689242861,0.04456689492088693,0.03357103689242861,0.039899358888783834,0.047509061020466904,0.039899358888783834,0.025839899144018307,0.03249641080995427,0.025839899144018307,0.033571036946936396,0.044566894920886925,0.033571036946936396
219,SLC Agricola,0.004910272920948379,0.0021629930794900823,0.004910272920948379,0.007825148083181898,0.005018309561864923,0.007825148083181898,0.007440284801733392,0.003785358189674583,0.007440284801733392,0.005560846627911499,0.0028650004157090127,0.005560846627911499,0.007825148080674638,0.005018309561864923,0.007825148080674638
220,SPturis,0.00017947320372873514,0.00019872935877330908,0.00017947320372873514,0.00016988271808469812,0.00020461940611175454,0.00016988271808469812,0.00019650624224190217,0.00021835443242301819,0.00019650624224190217,0.00016951867816024837,0.00019858707876767274,0.00016951867816024837,0.00016988271829137996,0.00020461940611175454,0.00016988271829137996
221,Sabesp,0.008416171050024216,0.005651067363052956,0.008416171050024216,0.016237964282330365,0.01279791957914334,0.016237964282330365,0.01688464785287329,0.013812238133424864,0.01688464785287329,0.012902449514370654,0.00763905872558136,0.012902449514370654,0.016237964267471004,0.01279791957914334,0.016237964267471004
222,Sanepar,0.0023636007967878328,0.0016134563615392027,0.0023636007967878328,0.003846645545850665,0.0038876513490541977,0.003846645545850665,0.004004019378465565,0.003998874942223758,0.004004019378465565,0.002940903329736631,0.0023215047498725823,0.002940903329736631,0.003846645546477905,0.0038876513490541977,0.003846645546477905
223,Santanense,0.0006374446033347877,0.00040782053660904055,0.0006374446033347877,0.0006165301396161629,0.000514133324423119,0.0006165301396161629,0.0005997947255326343,0.0005452149828969567,0.0005997947255326343,0.0005225895114375652,0.000344872655373227,0.0005225895114375652,0.0006165301396699682,0.000514133324423119,0.0006165301396699682
224,Santos Brp,0.00428184672977842,0.0016394683955155524,0.00428184672977842,0.0048169117389818255,0.0024306146754012577,0.0048169117389818255,0.00517779592356844,0.0026220240763533474,0.00517779592356844,0.004485750920106918,0.0015628037287255775,0.004485750920106918,0.004816911740986243,0.0024306146754012577,0.004816911740986243
225,Sao Carlos,0.0017695137661009447,0.00093896094644509,0.0017695137661009447,0.002192466093163334,0.0014983292099450425,0.002192466093163334,0.0026897607960809115,0.0016042208378976627,0.0026897607960809115,0.0018697895613115714,0.0009221465774055025,0.0018697895613115714,0.0021924660902814643,0.0014983292099450425,0.0021924660902814643
226,Sao Martinho,0.004364018292269505,0.003424517589988443,0.004364018292269505,0.009832509314650021,0.010030329983813261,0.009832509314650021,0.008726340009155242,0.009725037955348476,0.008726340009155242,0.00695841019267452,0.006236514013568225,0.00695841019267452,0.009832509314440008,0.010030329983813261,0.009832509314440008
227,Schulz,0.0009492501900197184,0.000611150440305,0.0009492501900197184,0.0011626565774650356,0.0009835506964678256,0.0011626565774650356,0.0014573462898732163,0.0013397031167135154,0.0014573462898732163,0.0007975975948008741,0.000589244815300159,0.0007975975948008741,0.001162656576957468,0.0009835506964678256,0.001162656576957468
228,Sequoia Log,0.002784756386360125,0.00339096446776695,0.002784756386360125,0.0028287702973229835,0.004476860927103717,0.0028287702973229835,0.00266482101065395,0.0053143408434342424,0.00266482101065395,0.0027789373798296347,0.004381333319170933,0.0027789373798296347,0.002828770232599058,0.004476860927103708,0.002828770232599058
229,Ser Educa,0.0022077905498952624,0.0020870132067641925,0.0022077905498952624,0.0025439979966218077,0.0031097668972756717,0.0025439979966218077,0.0032141593261159154,0.0031481080423020383,0.0032141593261159154,0.0020992467952117536,0.0017730117530269768,0.0020992467952117536,0.00254399799392009,0.0031097668972756717,0.00254399799392009
230,Serena,0.006951819278594049,0.004275907220181526,0.006951819278594049,0.012420482193427488,0.009229283362177109,0.012420482193427488,0.012230580611812675,0.009155627610512808,0.012230580611812675,0.010754754114326312,0.006628137181940754,0.010754754114326312,0.012420482162235154,0.009229283362177113,0.012420482162235154
231,Sid Nacional,0.021882748451421588,0.015090045790454351,0.021882748451421588,0.035377515489133385,0.030580103847963818,0.035377515489133385,0.036113793943989066,0.02871634522159732,0.036113793943989066,0.028747554863285264,0.02028588558413838,0.028747554863285264,0.03537751543740421,0.030580103847963808,0.03537751543740421
232,Simpar,0.014198795095243369,0.007866844869873994,0.014198795095243369,0.030546873174041388,0.021826254651364212,0.030546873174041388,0.027229092757594258,0.01966973366010479,0.027229092757594258,0.023045052357333805,0.012458596538425246,0.023045052357333805,0.03054687318826308,0.021826254651364212,0.03054687318826308
233,Smart Fit,0.00830411640005059,0.008557349851219451,0.00830411640005059,0.01217915192191917,0.014317996938571869,0.01217915192191917,0.009551766413860489,0.01197241419664463,0.009551766413860489,0.01155834360402899,0.01398464695087528,0.01155834360402899,0.01217915180607535,0.01431799693857185,0.01217915180607535
234,Sondotecnica,0.00014000614767055975,0.00020843010666716285,0.00014000614767055975,0.00010429238411913399,0.00023016007297693432,0.00010429238411913399,0.00010059493792318014,0.0002888906505180743,0.00010059493792318014,7.597434923557275e-05,0.00018528892196484,7.597434923557275e-05,0.00010429238564216148,0.00023016007297693432,0.00010429238564216148
235,Springs,0.002389614386627406,0.0020839580148475593,0.002389614386627406,0.0029929501360793464,0.0034163441369640312,0.0029929501360793464,0.002514389622177418,0.0036862910120269,0.002514389622177418,0.0023386352517239,0.002582839455504697,0.0023386352517239,0.0029929501366890493,0.0034163441369640312,0.0029929501366890493
236,Suzano S.A.,0.026108380398232704,0.016736737976122965,0.026108380398232704,0.04554397000649677,0.03806879722310695,0.04554397000649677,0.04830985582666538,0.03709818643999748,0.04830985582666538,0.03409337822777265,0.01979700412481875,0.03409337822777265,0.04554396999558368,0.03806879722310695,0.04554396999558368
237,Syn Prop Tec,0.005424428173078871,0.0063867471510677355,0.005424428173078871,0.00847308949934838,0.01330592593225401,0.00847308949934838,0.007855523861857857,0.011968699710745217,0.007855523861857857,0.007899758967373324,0.008714751694376707,0.007899758967373324,0.008473089495759293,0.01330592593225401,0.008473089495759293
238,TC,0.0017818550247644333,0.004384564981898222,0.0017818550247644333,0.0027350441247502777,0.0044161251694712885,0.0027350441247502777,0.0012230880747258,0.004659094344587211,0.0012230880747258,0.002620820462347852,0.004387731474132744,0.002620820462347852,0.0027350440686168447,0.0044161251694712885,0.0027350440686168447
239,Taesa,0.0058256055726090645,0.003728210560619546,0.0058256055726090645,0.012729371384539386,0.011007364708795011,0.012729371384539386,0.010784568825295415,0.008343948275028611,0.010784568825295415,0.009654567243651416,0.006185534705086602,0.009654567243651416,0.012729371389683282,0.011007364708795011,0.012729371389683282
240,Taurus Armas,0.0022694475530498125,0.0030255778737496,0.0022694475530498125,0.0023867130990810185,0.0031607434654967064,0.0023867130990810185,0.00219112781632088,0.0032443262848627936,0.00219112781632088,0.0022940537219511563,0.0028258784086174376,0.0022940537219511563,0.002386713098464625,0.0031607434654967064,0.002386713098464625
241,Technos,0.0005636213677524091,0.00038780717738559097,0.0005636213677524091,0.0005596212334098819,0.0005165452464273363,0.0005596212334098819,0.0005663554127220974,0.000521501713567859,0.0005663554127220974,0.0005202762558023177,0.0003868140821219909,0.0005202762558023177,0.0005596212337493,0.0005165452464273363,0.0005596212337493
242,Tecnisa,0.0028278111739281054,0.004243055190121728,0.0028278111739281054,0.003197313492435418,0.006834941051775287,0.003197313492435418,0.0036892103183185708,0.007458775621451266,0.0036892103183185708,0.0028981000511509973,0.005009832047184595,0.0028981000511509973,0.0031973134905910125,0.006834941051775285,0.0031973134905910125
243,Tegma,0.0007946939426664131,0.00093831311790068,0.0007946939426664131,0.0007237608205151346,0.0011450469954998425,0.0007237608205151346,0.0010004938573029126,0.001381133973366575,0.0010004938573029126,0.00048060473178650296,0.0007962002715729249,0.00048060473178650296,0.0007237608202705107,0.0011450469954998425,0.0007237608202705107
244,Tekno,0.00010295964937343388,9.233516922665342e-05,0.00010295964937343388,9.484453868585394e-05,0.00010140367428660533,9.484453868585394e-05,0.00012613115201933874,0.00012782312749219,0.00012613115201933874,7.909664212207834e-05,7.364661985816224e-05,7.909664212207834e-05,9.484453840129532e-05,0.00010140367428660533,9.484453840129532e-05
245,Telebras,0.0017082352819108937,0.002927077457042778,0.0017082352819108937,0.0016880807509873472,0.0039966668082275815,0.0016880807509873472,0.0020941342678257534,0.003909625863037818,0.0020941342678257534,0.0017887760835018482,0.003062850752744452,0.0017887760835018482,0.0016880807485844943,0.0039966668082275815,0.0016880807485844943
246,Telef Brasil,0.026120707423245054,0.034628862482786654,0.026120707423245054,0.04595496182401916,0.0656377457552652,0.04595496182401916,0.046603209938096954,0.06103255470958698,0.046603209938096954,0.030105467517548896,0.043476639462960036,0.030105467517548896,0.04595496178924246,0.06563774575526518,0.04595496178924246
247,Tenda,0.003582034330322793,0.0017679726960856184,0.003582034330322793,0.006634293576827848,0.0045038010572608705,0.006634293576827848,0.005486256709298992,0.0035812276675104113,0.005486256709298992,0.005570766776232255,0.002918794096883722,0.005570766776232255,0.0066342935809324,0.0045038010572608705,0.0066342935809324
248,Terrasantapa,0.002749109845742167,0.002475841860847669,0.002749109845742167,0.0031117844593188566,0.0040082055031404945,0.0031117844593188566,0.0033651393030222454,0.003785016923490898,0.0033651393030222454,0.0026844645204706723,0.002695356075682877,0.0026844645204706723,0.003111784456317667,0.0040082055031404945,0.003111784456317667
249,Tim,0.008717716811750436,0.007733859991311455,0.008717716811750436,0.018023633265822226,0.018829524425231087,0.018023633265822226,0.01765740353199747,0.02049556374652355,0.01765740353199747,0.013899025308528533,0.012325411823423869,0.013899025308528533,0.018023633235912422,0.018829524425231087,0.018023633235912422
250,Time For Fun,0.0005791403790046259,0.0004911423577608564,0.0005791403790046259,0.000543355853124248,0.0005964133785399025,0.000543355853124248,0.0005993686450637813,0.0006386497239273642,0.0005993686450637813,0.0003945865459900894,0.0004029844878016847,0.0003945865459900894,0.0005433558528780924,0.0005964133785399,0.0005433558528780924
251,Totvs,0.0033979066951141832,0.0029084647157891852,0.0033979066951141832,0.004207360053031433,0.00458923881500397,0.004207360053031433,0.00498817386324311,0.0043991331519959475,0.00498817386324311,0.003891139985959813,0.0030595601577174773,0.003891139985959813,0.004207360046784163,0.00458923881500397,0.004207360046784163
252,Trevisa,0.00012088725449940733,0.00012565574055249933,0.00012088725449940733,0.00010926117802760328,0.0001328630919944321,0.00010926117802760328,0.00014101328888731975,0.0001566204184934663,0.00014101328888731975,0.00010354884693208781,9.894057915243829e-05,0.00010354884693208781,0.0001092611778464432,0.0001328630919944321,0.0001092611778464432
253,Trisul,0.0015709658895151273,0.0011124651965735155,0.0015709658895151273,0.00216470226816141,0.001958606409696746,0.00216470226816141,0.002232740036270366,0.0018842441397969667,0.002232740036270366,0.001602129247967453,0.001213160798004918,0.001602129247967453,0.00216470226987467,0.001958606409696746,0.00216470226987467
254,Triunfo Part,0.0052606558681539415,0.006130392203237133,0.0052606558681539415,0.007027683949579257,0.011159613069929639,0.007027683949579257,0.006220376545616629,0.00904722274169481,0.006220376545616629,0.006189702815083889,0.006812257478903456,0.006189702815083889,0.007027683950858829,0.011159613069929639,0.007027683950858829
255,Tupy,0.0024135619242175387,0.0021664788752466563,0.0024135619242175387,0.004453018534884482,0.004487221691386028,0.004453018534884482,0.00446548521078221,0.004346676649411821,0.00446548521078221,0.0036788519948941787,0.0028989358271597895,0.0036788519948941787,0.0044530185334802205,0.004487221691386028,0.0044530185334802205
256,Ultrapar,0.017117584290069432,0.011646937761240702,0.017117584290069432,0.030732069125247324,0.029475059902324918,0.030732069125247324,0.029247545333968207,0.026040537226902215,0.029247545333968207,0.025754068027044587,0.017955859024594532,0.025754068027044587,0.030732069141607404,0.029475059902324918,0.030732069141607404
257,Unicasa,0.00021041752694857813,0.00014437531864769232,0.00021041752694857813,0.00017410318435587155,0.00016735892929413846,0.00017410318435587155,0.0002161924528098576,0.00021147944630874104,0.0002161924528098576,0.0001384381983785352,0.00010735435250904253,0.0001384381983785352,0.00017410318450472237,0.00016735892929413846,0.00017410318450472237
258,Unifique,0.001689462556897562,0.003734363448123256,0.001689462556897562,0.0033237195275464893,0.005229036611507711,0.0033237195275464893,0.0018995942283349778,0.004900508438145411,0.0018995942283349778,0.0033056505285407336,0.005195531756767689,0.0033056505285407336,0.0033237196243524887,0.0052290366115077,0.0033237196243524887
259,Unipar,0.0034197504130857735,0.0023816043983321436,0.0034197504130857735,0.004411373877601717,0.0036323642348231153,0.004411373877601717,0.004689054476642523,0.0036687539195787286,0.004689054476642523,0.0034355542694641935,0.0023022223680034845,0.0034355542694641935,0.00441137387787559,0.0036323642348231153,0.00441137387787559
260,Usiminas,0.009742796750226636,0.01124369142714373,0.009742796750226636,0.01346642859470433,0.021702895580790575,0.01346642859470433,0.013517501712630688,0.020506497001187098,0.013517501712630688,0.01124131275166128,0.01397160251789287,0.01124131275166128,0.013466428590615967,0.021702895580790575,0.013466428590615967
261,Vale,0.1237300529746791,0.09004307376273123,0.1237300529746791,0.15555674229284475,0.13212238085572584,0.15555674229284475,0.21738474268813118,0.18207347131616858,0.21738474268813118,0.15300369776834588,0.1031210289938455,0.15300369776834588,0.20509546001290224,0.1786252143891658,0.20509546001290224
262,Valid,0.0020104405570756777,0.002152100361795375,0.0020104405570756777,0.0025794493945345475,0.003949700825832358,0.0025794493945345475,0.002637961828192882,0.0033884954449725077,0.002637961828192882,0.0021617201268665487,0.0025773716363937703,0.0021617201268665487,0.002579449394403505,0.003949700825832358,0.002579449394403505
263,Vamos,0.017762614408275083,0.01702887227502229,0.017762614408275083,0.026996987848697362,0.029602256860612988,0.026996987848697362,0.02911939939205577,0.03547649792615621,0.02911939939205577,0.027850812248544174,0.02901571273619328,0.027850812248544174,0.026996987942980156,0.029602256860612974,0.026996987942980156
264,Veste,0.0034803942457165395,0.0031160025987392146,0.0034803942457165395,0.004861806406572478,0.005190766451066619,0.004861806406572478,0.00446653642760941,0.004541457124348785,0.00446653642760941,0.004223559969436857,0.003285415108315766,0.004223559969436857,0.00486180640935376,0.005190766451066619,0.00486180640935376
265,Vibra,0.028079548546921563,0.021543852171463727,0.028079548546921563,0.04479037363715471,0.04417368806826291,0.04479037363715471,0.04016793441092131,0.03971897629769121,0.04016793441092131,0.03554737226753348,0.031585921099906114,0.03554737226753348,0.044790373656771694,0.04417368806826291,0.044790373656771694
266,Vittia,0.0008519229424854875,0.0005455947065513625,0.0008519229424854875,0.0008774436126942645,0.0005680808226742125,0.0008774436126942645,0.0010850224428487875,0.0006890673417873,0.0010850224428487875,0.000870754741486708,0.0005692286457000625,0.000870754741486708,0.0008774436114849748,0.0005680808226742125,0.0008774436114849748
267,Vivara S.A.,0.001683019108571225,0.00303245847304395,0.001683019108571225,0.001833100942667078,0.0035088945673365187,0.001833100942667078,0.0019416099278585625,0.003903958816131881,0.0019416099278585625,0.001567233225029279,0.003236838224166675,0.001567233225029279,0.0018331010135406564,0.0035088945673365127,0.0018331010135406564
268,Viveo,0.007818548116541967,0.0047027939173062226,0.007818548116541967,0.011507956742362688,0.00788979571191031,0.011507956742362688,0.012967282949290478,0.008743138751202821,0.012967282949290478,0.011368970114052556,0.007805656721557978,0.011368970114052556,0.011507956759343078,0.00788979571191031,0.011507956759343078
269,Viver,0.00245430894579848,0.00215464714347254,0.00245430894579848,0.002569299285342031,0.00261583058670983,0.002569299285342031,0.00224201983577669,0.00181416182811711,0.00224201983577669,0.0025515140533025654,0.00255446462682287,0.0025515140533025654,0.0025692992775465115,0.00261583058670983,0.0025692992775465115
270,Vulcabras,0.00146144775843974,0.0014180589011668974,0.00146144775843974,0.0013896217154887615,0.0016062665765137307,0.0013896217154887615,0.0016624548474662437,0.0017425274221351205,0.0016624548474662437,0.0011233278113291628,0.0010843505102086615,0.0011233278113291628,0.0013896217141933795,0.001606266576513728,0.0013896217141933795
271,Wdc Networks,0.0015904361482955796,0.004235158042209544,0.0015904361482955796,0.002622954047023356,0.005821344535588211,0.002622954047023356,0.003956055727002167,0.006854138920824733,0.003956055727002167,0.0026108954291170113,0.005788432545198233,0.0026108954291170113,0.002622954104242167,0.005821344535588211,0.002622954104242167
272,Weg,0.009267553069714628,0.00504133746389782,0.009267553069714628,0.011479319570653155,0.00992482846070262,0.011479319570653155,0.010274440340106678,0.010010645325538775,0.010274440340106678,0.008755023561208674,0.006405857615442277,0.008755023561208674,0.01147931955423174,0.009924828460702622,0.01147931955423174
273,Westwing,2.7403416023813464e-05,0.00014330231862894,2.7403416023813464e-05,2.3820355854309306e-05,0.00013958326974199999,2.3820355854309306e-05,8.521096036852447e-05,0.00020172669518979999,8.521096036852447e-05,1.9956722320710748e-05,0.00013984974280808001,1.9956722320710748e-05,2.382035623836931e-05,0.00013958326974199999,2.382035623836931e-05
274,Whirlpool,0.007235832797552583,0.00837677124737328,0.007235832797552583,0.010308990181481277,0.014006736362459641,0.010308990181481277,0.011336767089472783,0.013264674597346189,0.011336767089472783,0.009175696767249624,0.009893841030052851,0.009175696767249624,0.010308990195448522,0.014006736362459643,0.010308990195448522
275,Wilson Sons,0.0015937754653603412,0.0010855845215729128,0.0015937754653603412,0.0025068597876817763,0.0018965809345390283,0.0025068597876817763,0.002548975227035418,0.002134467472427459,0.002548975227035418,0.0019008591053056266,0.001086851911742854,0.0019008591053056266,0.0025068597877061136,0.0018965809345390283,0.0025068597877061136
276,Wiz Co,0.006315866687057069,0.0040887929738300695,0.006315866687057069,0.006547303844666906,0.006478536832190046,0.006547303844666906,0.00840531402486997,0.006001402048294761,0.00840531402486997,0.006502104792909754,0.0060742994591851,0.006502104792909754,0.006547303841417173,0.006478536832190046,0.006547303841417173
277,Wlm Ind Com,0.00020065918952002804,0.00017343437323514074,0.00020065918952002804,0.00018125521395717894,0.00020170715050211833,0.00018125521395717894,0.00020811714427478327,0.00023449273166565058,0.00020811714427478327,0.0001348163745631531,0.0001260077930104344,0.0001348163745631531,0.00018125521385992753,0.00020170715050211828,0.00018125521385992753
278,Yduqs Part,0.00548524032508139,0.005962409297140977,0.00548524032508139,0.008618680147434346,0.011298995030239184,0.008618680147434346,0.007674322938338516,0.01022520526061397,0.007674322938338516,0.006688332469796306,0.00758888000775869,0.006688332469796306,0.008618680153236065,0.011298995030239184,0.008618680153236065
279,Zamp S.A.,0.0046774268772038306,0.0047764596706987295,0.0046774268772038306,0.006028410619788042,0.00774169794048122,0.006028410619788042,0.007346370138294397,0.007991659074273608,0.007346370138294397,0.005227041997507798,0.0062470560730988915,0.005227041997507798,0.006028410619355526,0.007741697940481217,0.006028410619355526
